{
"pld_mean" : -1,
"ack_psh_rst_syn_fin_cnt" : [0, 1, 2, 3, 4],
"num_pkts_out" : -1,
"pld_median" : -1,
"hdr_distinct" : -1,
"pld_distinct" : -1,
"rev_pld_bin_128" : -1,
"pld_ccnt" : [0, 1, 2, 3, 4, 5, 6, 7, 8, 9, 10, 11, 12, 13, 14, 15],
"num_pkts_in" : -1,
"rev_pld_ccnt" : [0, 1, 2, 3, 4, 5, 6, 7, 8, 9, 10, 11, 12, 13, 14, 15],
"hdr_ccnt" : [0, 1, 2, 3, 4, 5, 6, 7, 8, 9, 10, 11],
"rev_pld_var" : -1,
"rev_pld_max" : -1,
"time_length" : -1,
"intervals_ccnt" : [0, 1, 2, 3, 4, 5, 6, 7, 8, 9, 10, 11, 12, 13, 14, 15],
"rev_intervals_ccnt" : [0, 1, 2, 3, 4, 5, 6, 7, 8, 9, 10, 11, 12, 13, 14, 15],
"src_port" : -1,
"dst_port" : -1,
"rev_ack_psh_rst_syn_fin_cnt" : [0, 1, 2, 3, 4],
"bytes_out" : -1,
"pld_max" : -1,
"pld_bin_inf" : -1,
"bytes_in" : -1,
"rev_hdr_distinct" : -1,
"hdr_bin_40" : -1,
"rev_hdr_ccnt" : [0, 1, 2, 3, 4, 5, 6, 7, 8, 9, 10, 11],
"rev_pld_distinct" : -1,
"hdr_mean" : -1,
"rev_hdr_bin_40" : -1,
"pr" : -1,
"rev_pld_mean" : -1
}
